Scène 2.VIII.,Scenə 2.VIII.
"Cyrano, Le Bret, les cadets, qui se sont attablés à droite et à gauche","Cyrano, Bret, kamma kurawa, sandima kərmai kuru na'a'a'a'a'a'a'a'a'a'a'a'a'a'a'a'a'a'a'a'a'a'a'a'a'a'a'a'a'a'a'a'a'a'a'a'a'a'a'a'a'a'a'a'a'a'a'a'a'a'a'a'a'a'a'a'a'a'a'a'a'a'a'a'a'a'a'a'a'a'a'a'a'a'a'a'a'a'a'a'a'a'a'a'a'a'a'a'a'a'a'"
et auxquels on sert à boire et à manger.,"Kəla adǝbe dәga, kuru kǝmbu-a, kuru kǝnza-a."
CYRANO (saluant d'un air goguenard ceux qui sortent sans oser le saluer):,CYRANO (sǝlamma kamsoye sǝlamma dǝga sǝlamma sǝlamma sǝlamma sǝlamma sǝlamma sǝlamma sǝlamma sǝlamma sǝlamma sǝlamma sǝlamma sǝlamma sǝlamma sǝlamma sǝlamma sǝlamma sǝlamma sǝlamma sǝlamma sǝlamma sǝlamma sǝlamma sǝlamma sǝlamma sǝlamma sǝlamma sǝlamma sǝlamma sǝlamma sǝlamma sǝlamma sǝlamma sǝlamma sǝlamma sǝlamma sǝlamma sǝlamma sǝlamma sǝlamma sǝlamma sǝlamma sǝlamma sǝlamma sǝlamma sǝlamma
  Messieurs. . .Messieurs. . .Messieurs. . .,Mǝrǝndǝ... mǝrǝndǝ... mǝrǝndǝ... mǝrǝndǝ...
"LE BRET (désolé, redescendant, les bras au ciel):","Kəla (kǝla, nǝm gade, sandima sandima):"
  Ah ! dans quels jolis draps.,Ah! Kǝla zauro zauro zauro zauro zauro zauro zauro zauro zauro zauro zauro zauro zauro zauro zauro zauro zauro zauro zauro zauro zauro zauro zauro zauro zauro zauro zauro zauro zauro zauro zauro zauro zauro zauro zauro zauro zauro zauro zauro zauro zauro zauro zauro zauro zauro zauro zauro zauro zauro zauro zauro zauro zauro zauro zauro zauro zauro zauro zauro zauro zauro zauro zauro zauro zauro zauro zauro zauro zauro zauro zauro zauro zauro zauro zauro zauro zauro zauro zauro zauro zauro zauro zauro zauro zauro zauro zauro zauro zauro zauro zauro zauro zauro zauro zauro zauro za
CYRANO:,CYRANO:
  Oh ! toi ! tu vas grogner !,"Oh, nyi! Nyiye kərtǝgǝnyi!"
LE BRET:,Kǝrmai:
"  Enfin, tu conviendras",Kǝrmai dǝga kǝla kǝrmai dǝga.
"  Qu'assassiner toujours la chance passagère,",Kǝrmai kǝla kǝla kǝla kǝla kǝla kǝla kǝla kǝla kǝla kǝla kǝla kǝla kǝla kǝla kǝla kǝla kǝla kǝla kǝla kǝla kǝla kǝla kǝla kǝla kǝla kǝla kǝla kǝla kǝla kǝla kǝla kǝla kǝla kǝla kǝla kǝla kǝla kǝla kǝla kǝla kǝla kǝla kǝla kǝla kǝla kǝla kǝla kǝla kǝla kǝla kǝla kǝla kǝla kǝla kǝla kǝla kǝla kǝla kǝla kǝla kǝla kǝla kǝla kǝla kǝla kǝla kǝla kǝla kǝla kǝla kǝla kǝla kǝla kǝla kǝla kǝla kǝla kǝla kǝla kǝla kǝla kǝla kǝla kǝla kǝla kǝla kǝla kǝla kǝla kǝla kǝla kǝla kǝla kǝla kǝla kǝla kǝla
  Devient exagéré.,Wuye ngəlajin.
CYRANO:,CYRANO:
"  Hé bien oui, j'exagère !","Ah, yeah, yeah, yeah, yeah, yeah, yeah, yeah, yeah, yeah, yeah, yeah, yeah, yeah, yeah, yeah, yeah, yeah, yeah, yeah, yeah, yeah, yeah, yeah, yeah, yeah, yeah, yeah, yeah, yeah, yeah, yeah, yeah, yeah, yeah, yeah, yeah, yeah, yeah, yeah, yeah, yeah, yeah, yeah, yeah, yeah, yeah, yeah, yeah, yeah, yeah, yeah, yeah, yeah, yeah, yeah, yeah, yeah, yeah, yeah, yeah, yeah, yeah, yeah, yeah, yeah, yeah, yeah, yeah, yeah, yeah, yeah, yeah, yeah, yeah, yeah, yeah, yeah, yeah, yeah, yeah, yeah, yeah, yeah, yeah, yeah, yeah, yeah, yeah, yeah, yeah, yeah, yeah, yeah, yeah, yeah, yeah, yeah, yeah,"
LE BRET (triomphant):,Kǝrmai (suro kǝnǝm-a-a-a)
  Ah !,Ah ! Ah !
CYRANO:,CYRANO:
"  Mais pour le principe, et pour l'exemple aussi,","Amma shiye kaida, kuru misalro,"
  Je trouve qu'il est bon d'exagérer ainsi.,Wuye ra'ayin futu adәga zauro zauro zauro zauro zauro zauro zauro zauro zauro zauro zauro zauro zauro zauro zauro zauro zauro zauro zauro zauro zauro zauro zauro zauro zauro zauro zauro zauro zauro zauro zauro zauro zauro zauro zauro zauro zauro zauro zauro zauro zauro zauro zauro zauro zauro zauro zauro zauro zauro zauro zauro zauro zauro zauro zauro zauro zauro zauro zauro zauro zauro zauro zauro zauro zauro zauro zauro zauro zauro zauro zauro zauro zauro zauro zauro zauro zauro zauro zauro zauro zauro zauro zauro zauro zauro zauro zauro zauro zauro zauro zauro zauro zauro zauro za
LE BRET:,Kǝrmai:
"  Si tu laissais un peu ton âme mousquetaire,","""Ngaltənyi kəkəltənyi,"
  La fortune et la gloire. . .,Kəla'a zauro zauro zauro zauro zauro zauro zauro zauro zauro zauro zauro zauro zauro zauro zauro zauro zauro zauro zauro zauro zauro zauro zauro zauro zauro zauro zauro zauro zauro zauro zauro zauro zauro zauro zauro zauro zauro zauro zauro zauro zauro zauro zauro zauro zauro zauro zauro zauro zauro zauro zauro zauro zauro zauro zauro zauro zauro zauro zauro zauro zauro zauro zauro zauro zauro zauro zauro zauro zauro zauro zauro zauro zauro zauro zauro zauro zauro zauro zauro zauro zauro zauro zauro zauro zauro zauro zauro zauro zauro zauro zauro zauro zauro zauro zauro zauro za
CYRANO:,CYRANO:
  Et que faudrait-il faire ?,Adә awo awoa zauro wajin ma?
"  Chercher un protecteur puissant, prendre un patron,",Kəla kərmaiye zauro zauro zauro zauro zauro zauro zauro zauro zauro zauro zauro zauro zauro zauro zauro zauro zauro zauro zauro zauro zauro zauro zauro zauro zauro zauro zauro zauro zauro zauro zauro zauro zauro zauro zauro zauro zauro zauro zauro zauro zauro zauro zauro zauro zauro zauro zauro zauro zauro zauro zauro zauro zauro zauro zauro zauro zauro zauro zauro zauro zauro zauro zauro zauro zauro zauro zauro zauro zauro zauro zauro zauro zauro zauro zauro zauro zauro zauro zauro zauro zauro zauro zauro zauro zauro zauro zauro zauro zauro zauro zauro zauro zauro zauro zauro za
  Et comme un lierre obscur qui circonvient un tronc,Kəla lamar ndulibe dən zauro zauro zauro zauro zauro zauro zauro zauro zauro zauro zauro zauro zauro zauro zauro zauro zauro zauro zauro zauro zauro zauro zauro zauro zauro zauro zauro zauro zauro zauro zauro zauro zauro zauro zauro zauro zauro zauro zauro zauro zauro zauro zauro zauro zauro zauro zauro zauro zauro zauro zauro zauro zauro zauro zauro zauro zauro zauro zauro zauro zauro zauro zauro zauro zauro zauro zauro zauro zauro zauro zauro zauro zauro zauro zauro zauro zauro zauro zauro zauro zauro zauro zauro zauro zauro zauro zauro zauro zauro zauro zauro zauro zauro zauro
"  Et s'en fait un tuteur en lui léchant l'écorce,",Kəla dәye dәga dәga dәga dәga dәga dәga dәga dәga dәga dәga dәga dәga dәga dәga dәga dәga dәga dәga dәga dәga dәga dәga dәga dәga dәga dәga dәga dәga dәga dәga dәga dәga dәga dәga dәga dәga dәga dәga dәga dga dәga dga dga dga dga dga dga dga dga dga dga dga dga dga dga dga dga dga dga dga dga dga dga dga dga dga dga dga dga dga dga dga dga dga dga dga
  Grimper par ruse au lieu de s'élever par force ?,Kǝrmai ngǝwuye kǝla kǝla kǝla kǝla kǝla kǝla kǝla kǝla kǝla kǝla kǝla kǝla kǝla kǝla kǝla kǝla kǝla kǝla kǝla kǝla kǝla kǝla kǝla kǝla kǝla kǝla kǝla kǝla kǝla kǝla kǝla kǝla kǝla kǝla kǝla kǝla kǝla kǝla kǝla kǝla kǝla kǝla kǝla kǝla kǝla kǝla kǝla kǝla kǝla kǝla kǝla kǝla kǝla kǝla kǝla kǝla kǝla kǝla kǝla kǝla kǝla kǝla kǝla kǝla kǝla kǝla kǝla kǝla kǝla kǝla kǝla kǝla kǝla kǝla kǝla kǝla kǝla kǝla kǝla kǝla kǝla kǝla kǝla kǝla kǝla kǝla kǝla kǝla kǝla kǝla kǝla kǝla kǝla kǝla kǝla
"  Non, merci. Dédier, comme tous il le font,","Ayi, thank you. Kǝrmai, alamanna kammalaa ro,"
  Des vers aux financiers ? se changer en bouffon,Kǝrmaiya dәye kunguna dәye kәla kәla kәla kәla kәla kәla kәla kәla kәla kәla kәla kәla kәla kәla kәla kәla kәla kәla kәla kәla kәla kәla kәla kәla kәla kәla kәla kәla kәla kәla kәla kәla kәla kәla kәla kәla kәla kәla kәla kәla kәla kәla kәla kәla kәla kәla kәla kәla kәla kәla kәla kәla kәla kәla kәla kәla kәla kәla kәla kәla kәla kә
"  Dans l'espoir vil de voir, aux lèvres d'un ministre,",Kǝrmai kammabe kǝla kǝla kǝla kǝla kǝla kǝla kǝla kǝla kǝla kǝla kǝla kǝla kǝla kǝla kǝla kǝla kǝla kǝla kǝla kǝla kǝla kǝla kǝla kǝla kǝla kǝla kǝla kǝla kǝla kǝla kǝla kǝla kǝla kǝla kǝla kǝla kǝla kǝla kǝla kǝla kǝla kǝla kǝla kǝla kǝla kǝla kǝla kǝla kǝla kǝla kǝla kǝla kǝla kǝla kǝla kǝla kǝla kǝla kǝla kǝla kǝla kǝla kǝla kǝla kǝla kǝla kǝla kǝla kǝla kǝla kǝla kǝla kǝla kǝla kǝla kǝla kǝla kǝla kǝla kǝla kǝla kǝla kǝla kǝla kǝla kǝla kǝla kǝla kǝla kǝla kǝla kǝla kǝla kǝla kǝla
"  Naître un sourire, enfin, qui ne soit pas sinistre ?","Kǝrmai kǝla kǝrmaibe dәga, kuru shiye kәla kǝrmaibe dәga?"
"  Non, merci. Déjeuner, chaque jour, d'un crapaud ?",Kǝrmai kǝnǝngǝbe kǝnǝngǝbe kǝnǝngǝbe?
  Avoir un ventre usé par la marche ? une peau,Kəla kərtəye kərtəye kərtəye kərtəye kərtəye kərtəye kərtəye kərtəye kərtəye kərtəye kərtəye kərtəye kərtəye kərtəye kərtəye kərtəye kərtəye kərtəye kərtəye kərtəye kərtəye kərtəye kərtəye kərtəye kərtəye kərtəye kərtəye kərtəye kərtəye kərtəye kərtəye kərtəye kərtəye kərtəye kərtəye kərtəye kərtəye kərtəye kərtəye kərtəye kərtəye kərtəye kərtəye kərtəye kərtəye kərtəye kərtəye kərtəye kərtə
"  Qui plus vite, à l'endroit des genoux, devient sale ?",Kǝla kǝla kǝla kǝla kǝla kǝla kǝla kǝla kǝla kǝla kǝla kǝla kǝla kǝla kǝla kǝla kǝla kǝla kǝla kǝla kǝla kǝla kǝla kǝla kǝla kǝla kǝla kǝla kǝla kǝla kǝla kǝla kǝla kǝla kǝla kǝla kǝla kǝla kǝla kǝla kǝla kǝla kǝla kǝla kǝla kǝla kǝla kǝla kǝla kǝla kǝla kǝla kǝla kǝla kǝla kǝla kǝla kǝla kǝla kǝla kǝla kǝla kǝla kǝla kǝla kǝla kǝla kǝla kǝla kǝla kǝla kǝla kǝla kǝla kǝla kǝla kǝla kǝla kǝla kǝla kǝla kǝla kǝla kǝla kǝla kǝla kǝla kǝla kǝla kǝla kǝla kǝla kǝla kǝla kǝla kǝla kǝla kǝla kǝ
  Exécuter des tours de souplesse dorsale ?. . .,Kəla kərmai kərmaiye kərmaiye kərmaiye kərmaiye kərmaiye kərmaiye kərmaiye kərmaiye kərmaiye kərmaiye kərmaiye kərmaiye kərmaiye kərmaiye kərmaiye kərmaiye kərmaiye kərmaiye kərmaiye kərmaiye kərmaiye kərmaiye kərmaiye kərmaiye kərmaiye kərmaiye kərmaiye kərmaiye kərmaiye kərmaiye kərmaiye kərmaiye kərmaiye kərmaiye kərmaiye kərmaiye kərmaiye kərmaiye kərmaiye kərmaiye kərmaiye kərmaiye kərmaiye kərmaiye kərmaiye kərmaiye kərmaiye kərmaiye
"  Non, merci. D'une main flatter la chèvre au cou","Na, na, na, na, na, na, na, na, na, na, na, na, na, na, na, na, na, na, na, na, na, na, na, na, na, na, na, na, na, na, na, na, na, na, na, na, na, na, na, na, na, na, na, na, na, na, na, na, na, na, na, na, na, na, na, na, na, na, na, na, na, na, na, na, na, na, na, na, na, na, na, na, na, na, na, na, na, na, na, na, na, na, na, na, na, na, na, na, na, na, na, na, na, na, na, na, na, na, na,"
"  Cependant que, de l'autre, on arrose le chou,","Amma shi doni kalluwa dəga nguwuna,"
"  Et, donneur de séné par désir de rhubarbe,",Na'a kuruwa'a kərtə'a kərtə'a kərtə'a kərtə'a kərtə'a kərtə'a kərtə'a kərtə'a kərtə'a kərtə'a kərtə'a kərtə'a kərtə'a kərtə'a kərtə'a kərtə'a kərtə'a kərtə'a kərtə'a kərtə'a kərtə'a kərtə'a kərtə'a kərtə'a kərtə'a kərtə'a kərtə'a kərtə'a kərtə'a kərtə'a kərtə'a kərtə'a kərtə'a kərtə'a kərtə'a kərtə'a kərtə'a kərtə'a k
"  Avoir son encensoir, toujours, dans quelque barbe ?",Kǝrmaibe kǝla kǝla kǝla kǝla kǝla kǝla kǝla kǝla kǝla kǝla kǝla kǝla kǝla kǝla kǝla kǝla kǝla kǝla kǝla kǝla kǝla kǝla kǝla kǝla kǝla kǝla kǝla kǝla kǝla kǝla kǝla kǝla kǝla kǝla kǝla kǝla kǝla kǝla kǝla kǝla kǝla kǝla kǝla kǝla kǝla kǝla kǝla kǝla kǝla kǝla kǝla kǝla kǝla kǝla kǝla kǝla kǝla kǝla kǝla kǝla kǝla kǝla kǝla kǝla kǝla kǝla kǝla kǝla kǝla kǝla kǝla kǝla kǝla kǝla kǝla kǝla kǝla kǝla kǝla kǝla kǝla kǝla kǝla kǝla kǝla kǝla kǝla kǝla kǝla kǝla kǝla kǝla kǝla kǝla kǝla kǝla
"  Non, merci ! Se pousser de giron en giron,","A'a, thank you. Wuye kərtə-kərtə-kərtə-kərtə-kərtə-kərtə-kərtə-kərtə-kərtə-kərtə-kərtə-kərtə-kərtə-kərtə-kərtə-kərtə-kərtə-kərtə-kərtə-kərtə-kərtə-kərtə-kərtə-kərtə-kərtə-kərtə-kərtə-kərtə-kərtə-kərtə-kərtə-kərtə-kərtə-kərtə-kərtə-kərtə-kərtə-kərtə-kərtə-kərtə-kərtə-kəltə-kəltə-kəltə-kəltə-kəltə-kəltə-k"
"  Devenir un petit grand homme dans un rond,",Kǝrmai kura kura kura kura kura kura kura kura kura kura kura kura kura kura kura kura kura kura kura kura kura kura kura kura kura kura kura kura kura kura kura kura kura kura kura kura kura kura kura kura kura kura kura kura kura kura kura kura kura kura kura kura kura kura kura kura kura kura kura kura kura kura kura kura kura kura kura kura kura kura kura kura kura kura kura kura kura kura kura kura kura kura kura kura kura kura kura kura kura kura kura kura kura kura kura kura kura kura kura kura kura kura kura kura kura kura kura kura kura kura kura kura kura kura kura kura kura kura kura kura kura kura kura kura kura kura kura kura kura kura kura kura kura kura kura kura kura kura kura kura kura kura kura kura kura kura kura kura kura kura kura kura kura kura kura kura kura kura kura kura kura kura kura kura kura kura kura kura kura kura kura kura kura kura kura kura kura kura kura kura kura kura kura kura kura kura kura kura kura kura kura kura kura kura
"  Et naviguer, avec des madrigaux pour rames,","Kəla njiye dəga gəzayin, kuru shiya dəga gəzayin."
  Et dans ses voiles des soupirs de vieilles dames ?,Kuru shiye sa'a kənəngatəma kuru kuruwa kurabeye?
"  Non, merci ! Chez le bon éditeur de Sercy","A'a, thank you, to the right Sercy publisher."
"  Faire éditer ses vers en payant ? Non, merci !",Kǝrmai kǝla kǝla kǝla kǝla kǝla kǝla kǝla kǝla kǝla kǝla kǝla kǝla kǝla kǝla kǝla kǝla kǝla kǝla kǝla kǝla kǝla kǝla kǝla kǝla kǝla kǝla kǝla kǝla kǝla kǝla kǝla kǝla kǝla kǝla kǝla kǝla kǝla kǝla kǝla kǝla kǝla kǝla kǝla kǝla kǝla kǝla kǝla kǝla kǝla kǝla kǝla kǝla kǝla kǝla kǝla kǝla kǝla kǝla kǝla kǝla kǝla kǝla kǝla kǝla kǝla kǝla kǝla kǝla kǝla kǝla kǝla kǝla kǝla kǝla kǝla kǝla kǝla kǝla kǝla kǝla kǝla kǝla kǝla kǝla kǝla kǝla kǝla kǝla kǝla kǝla kǝla kǝla kǝla kǝla kǝla kǝla kǝla
  S'aller faire nommer pape par les conciles,Kəla Papabe Kəla Kəla Huwuma Kəla Kəla Kəla Kəla Kəla Kəla Kəla Kəla Kəla Kəla Kəla Kəla Kəla Kəla Kəla Kəla Kəla Kəla Kəla Kəla Kəla Kəla Kəla Kəla Kəla Kəla Kəla Kəla Kəla Kəla Kəla Kəla Kəlan
  Que dans des cabarets tiennent des imbéciles ?,Kǝrmai kammabe suro cabaretsben zauro kǝlanza?
"  Non, merci ! Travailler à se construire un nom","A'a, thank you. Kəla sandiya su səkəro faidatə."
"  Sur un sonnet, au lieu d'en faire d'autres ? Non,","Kǝla sonnetbe dәga, kәla sonnet gade dәga?"
  Merci ! Ne découvrir du talent qu'aux mazettes ?,Kǝrmai dǝga sha zauro zauro zauro zauro zauro zauro zauro zauro zauro zauro zauro zauro zauro zauro zauro zauro zauro zauro zauro zauro zauro zauro zauro zauro zauro zauro zauro zauro zauro zauro zauro zauro zauro zauro zauro zauro zauro zauro zauro zauro zauro zauro zauro zauro zauro zauro zauro zauro zauro zauro zauro zauro zauro zauro zauro zauro zauro zauro zauro zauro zauro zauro zauro zauro zauro zauro zauro zauro zauro zauro zauro zauro zauro zauro zauro zauro zauro zauro zauro zauro zauro zauro zauro zauro zauro zauro zauro zauro zauro zauro zauro zauro zauro zauro zauro za
"  Être terrorisé par de vagues gazettes,","Kəla kuren kuren suroye,"
"  Et se dire sans cesse: Oh, pourvu que je sois","""Ado kǝla kǝla kǝla kǝla kǝla kǝla kǝla kǝla kǝla kǝla kǝla kǝla kǝla kǝla kǝla kǝla kǝla kǝla kǝla kǝla kǝla kǝla kǝla kǝla kǝla kǝla kǝla kǝla kǝla kǝla kǝla kǝla kǝla kǝla kǝla kǝla kǝla kǝla kǝla kǝla kǝla kǝla kǝla kǝla kǝla kǝla kǝla kǝla kǝla kǝla kǝla kǝla kǝla kǝla kǝla kǝla kǝla kǝla kǝla kǝla kǝla kǝla kǝla kǝla kǝla kǝla kǝla kǝla kǝla kǝla kǝla kǝla kǝla kǝla kǝla kǝla kǝla kǝla kǝla kǝla kǝla kǝla kǝla kǝla kǝla kǝla kǝla kǝla kǝla kǝla kǝla kǝla kǝla kǝla kǝla kǝla kǝla kǝ"
  Dans les petits papiers du Mercure François ?. . .,Kəla Mercury Francisbe suro kawadəbe'a'a'a'a'a'a'a'a'a'a'a'a'a'a'a'a'a'a'a.
"  Non, merci ! Calculer, avoir peur, être blême,","A'a, thank you. Kǝla, suro, kǝla,"
"  Aimer mieux faire une visite qu'un poème,",Kǝrmai kǝla kǝla kǝla kǝla kǝla kǝla kǝla kǝla kǝla kǝla kǝla kǝla kǝla kǝla kǝla kǝla kǝla kǝla kǝla kǝla kǝla kǝla kǝla kǝla kǝla kǝla kǝla kǝla kǝla kǝla kǝla kǝla kǝla kǝla kǝla kǝla kǝla kǝla kǝla kǝla kǝla kǝla kǝla kǝla kǝla kǝla kǝla kǝla kǝla kǝla kǝla kǝla kǝla kǝla kǝla kǝla kǝla kǝla kǝla kǝla kǝla kǝla kǝla kǝla kǝla kǝla kǝla kǝla kǝla kǝla kǝla kǝla kǝla kǝla kǝla kǝla kǝla kǝla kǝla kǝla kǝla kǝla kǝla kǝla kǝla kǝla kǝla kǝla kǝla kǝla kǝla kǝla kǝla kǝla kǝla kǝla kǝla
"  Rédiger des placets, se faire présenter ?","Kǝrmai, kǝla kǝla kǝla kǝla kǝla kǝla kǝla kǝla kǝla kǝla kǝla kǝla kǝla kǝla kǝla kǝla kǝla kǝla kǝla kǝla kǝla kǝla kǝla kǝla kǝla kǝla kǝla kǝla kǝla kǝla kǝla kǝla kǝla kǝla kǝla kǝla kǝla kǝla kǝla kǝla kǝla kǝla kǝla kǝla kǝla kǝla kǝla kǝla kǝla kǝla kǝla kǝla kǝla kǝla kǝla kǝla kǝla kǝla kǝla kǝla kǝla kǝla kǝla kǝla kǝla kǝla kǝla kǝla kǝla kǝla kǝla kǝla kǝla kǝla kǝla kǝla kǝla kǝla kǝla kǝla kǝla kǝla kǝla kǝla kǝla kǝla kǝla kǝla kǝla kǝla kǝla kǝla kǝla kǝla kǝla kǝla kǝ"
"  Non, merci ! non, merci ! non, merci ! Mais. . .chanter,","Ayi, thank you, thank you, thank you, thank you, thank you, thank you, thank you, thank you, thank you, thank you, thank you, thank you, thank you, thank you, thank you, thank you, thank you, thank you, thank you, thank you, thank you, thank you, thank you, thank you, thank you, thank you, thank you, thank you, thank you, thank you, thank you, thank you, thank you, thank you, thank you, thank you, thank you, thank you, thank you, thank you, thank you, thank you, thank you, thank you, thank you, thank you, thank you, thank you, thank you, thank you, thank you, thank you, thank you, thank you, thank you, thank you, thank you, thank you, thank you, thank you, thank you, thank you, thank you, thank you, thank you, thank"
"  Rêver, rire, passer, être seul, être libre,","Kǝrǝngǝ, dariya, kǝla, kǝla, kǝla, kǝla, kǝla,"
"  Avoir l'oeil qui regarde bien, la voix qui vibre,","Kǝrmai dǝga kǝla, wuzǝ dǝga kǝla,"
"  Mettre, quand il vous plaît, son feutre de travers,","Kəla adәye ra'ayin ro, kәla adәye ra'ayin ro,"
"  Pour un oui, pour un non, se battre,--ou faire un vers !","""Yes"" a-a ""no"" a-a, kǝlanzǝnyi, - au kǝlanzǝnyi!"
"  Travailler sans souci de gloire ou de fortune,",Kəla cidabe dәye zauro daraja au karewa ro waljinba.
"  A tel voyage, auquel on pense, dans la lune !","Kǝrmai adǝga, kǝrmai adǝga."
"  N'écrire jamais rien qui de soi ne sortît,",Awo awoa kǝla kǝla kǝla kǝla kǝla kǝla kǝla kǝla kǝla kǝla kǝla kǝla kǝla kǝla kǝla kǝla kǝla kǝla kǝla kǝla kǝla kǝla kǝla kǝla kǝla kǝla kǝla kǝla kǝla kǝla kǝla kǝla kǝla kǝla kǝla kǝla kǝla kǝla kǝla kǝla kǝla kǝla kǝla kǝla kǝla kǝla kǝla kǝla kǝla kǝla kǝla kǝla kǝla kǝla kǝla kǝla kǝla kǝla kǝla kǝla kǝla kǝla kǝla kǝla kǝla kǝla kǝla kǝla kǝla kǝla kǝla kǝla kǝla kǝla kǝla kǝla kǝla kǝla kǝla kǝla kǝla kǝla kǝla kǝla kǝla kǝla kǝla kǝla kǝla kǝla kǝla kǝla kǝla kǝla kǝla kǝla kǝla kǝ
"  Et modeste d'ailleurs, se dire: mon petit,","Kəla am ganabe ro, shiye kəlanzəro, ""Ma'ana,"
"  Soit satisfait des fleurs, des fruits, même des feuilles,","Kəla kərmai, kərmai, kərmai, kərmai, kərmai, kərmai, kərmai, kərmai, kərmai, kərmai, kərmai, kərmai, kərmai, kərmai, kərmai, kərmai, kərmai, kərmai, kərmai, kərmai, kərmai, kərmai, kərmai, kərmai, kərmai, kərmai, kərmai, kərmai, kərmai, kərmai, kərmai, kərmai, kərmai, kərmai, kərmai, kərmai, kərmai, kərmai, kərmai, kərmai, kərmai, kərmai, kərmai, kərmai, kərmai, kərmai, kərmai, kərmai, kərmai"
  Si c'est dans ton jardin à toi que tu les cueilles !,Kǝrmai kǝnǝngǝbe dәga kǝnǝngǝro.
"  Puis, s'il advient d'un peu triompher, par hasard,","""Alamma, shiye naptəye kərmaiya,"
"  Ne pas être obligé d'en rien rendre à César,","""Adin, kəkəltəro Kesarye ro waljinba."
"  Vis-à-vis de soi-même en garder le mérite,","Kəla kǝlanzǝbe kǝla kǝlanzǝbe kǝlanzǝbe,"
"  Bref, dédaignant d'être le lierre parasite,","Kəla adəye fəlezəna, shiye lardəwa lardəwa dəga fəlezəna dəga,"
"  Lors même qu'on n'est pas le chêne ou le tilleul,","Ngawo sandima karewa kərmai au kərmaibe dən,"
"  Ne pas monter bien haut, peut-être, mais tout seul !",Kәla dәga dәga dәga dәga dәga dәga dәga dәga dәga dәga dәga dәga dәga dәga dәga dәga dәga dәga dәga dәga dәga dәga dәga dәga dәga dәga dәga dәga dәga dәga dәga dәga dәga dәga dәga dәga dәga dga dga dga dga dga dga dga dga dga dga dga dga dga dga dga dga dga dga dga dga dga dga dga dga dga dga dga dga dga dga dga dga dga dga dga dga dga dga dga dga dga dga
LE BRET:,Kǝrmai:
"  Tout seul, soit ! Mais non pas contre tous ! Comment diable",Kǝrmai kǝla kǝla kǝla kǝla kǝla kǝla kǝla kǝla kǝla kǝla kǝla kǝla kǝla kǝla kǝla kǝla kǝla kǝla kǝla kǝla kǝla kǝla kǝla kǝla kǝla kǝla kǝla kǝla kǝla kǝla kǝla kǝla kǝla kǝla kǝla kǝla kǝla kǝla kǝla kǝla kǝla kǝla kǝla kǝla kǝla kǝla kǝla kǝla kǝla kǝla kǝla kǝla kǝla kǝla kǝla kǝla kǝla kǝla kǝla kǝla kǝla kǝla kǝla kǝla kǝla kǝla kǝla kǝla kǝla kǝla kǝla kǝla kǝla kǝla kǝla kǝla kǝla kǝla kǝla kǝla kǝla kǝla kǝla kǝla kǝla kǝla kǝla kǝla kǝla kǝla kǝla kǝla kǝla kǝla kǝla kǝla kǝla
  As-tu donc contracté la manie effroyable,Adǝgaima adǝga adǝga adǝga adǝga adǝga adǝga adǝga adǝga adǝga adǝga adǝga adǝga adǝga adǝga adǝga adǝga adǝga adǝga adǝga adǝga adǝga adǝga adǝga adǝga adǝga adǝga adǝga adǝga adǝga adǝga adǝga adǝga adǝga adǝga adǝga adǝga adǝga adǝga adǝga adǝga adǝga adǝga adǝga adǝga adǝga adǝga adǝga adǝga adǝga adǝga adǝga adǝga adǝga adǝga adǝga adǝga adǝga adǝga adǝga adǝga adǝga adǝga adǝga adǝga adǝ
"  De te faire toujours, partout, des ennemis ?",Kǝrmai kǝla kǝla kǝla kǝla kǝla kǝla kǝla kǝla kǝla kǝla kǝla kǝla kǝla kǝla kǝla kǝla kǝla kǝla kǝla kǝla kǝla kǝla kǝla kǝla kǝla kǝla kǝla kǝla kǝla kǝla kǝla kǝla kǝla kǝla kǝla kǝla kǝla kǝla kǝla kǝla kǝla kǝla kǝla kǝla kǝla kǝla kǝla kǝla kǝla kǝla kǝla kǝla kǝla kǝla kǝla kǝla kǝla kǝla kǝla kǝla kǝla kǝla kǝla kǝla kǝla kǝla kǝla kǝla kǝla kǝla kǝla kǝla kǝla kǝla kǝla kǝla kǝla kǝla kǝla kǝla kǝla kǝla kǝla kǝla kǝla kǝla kǝla kǝla kǝla kǝla kǝla kǝla kǝla kǝla kǝla kǝla kǝla
CYRANO:,CYRANO:
"  A force de vous voir vous faire des amis,",Kǝrmai adǝga kǝla kǝla kǝla kǝla kǝla kǝla kǝla kǝla kǝla kǝla kǝla kǝla kǝla kǝla kǝla kǝla kǝla kǝla kǝla kǝla kǝla kǝla kǝla kǝla kǝla kǝla kǝla kǝla kǝla kǝla kǝla kǝla kǝla kǝla kǝla kǝla kǝla kǝla kǝla kǝla kǝla kǝla kǝla kǝla kǝla kǝla kǝla kǝla kǝla kǝla kǝla kǝla kǝla kǝla kǝla kǝla kǝla kǝla kǝla kǝla kǝla kǝla kǝla kǝla kǝla kǝla kǝla kǝla kǝla kǝla kǝla kǝla kǝla kǝla kǝla kǝla kǝla kǝla kǝla kǝla kǝla kǝla kǝla kǝla kǝla kǝla kǝla kǝla kǝla kǝla kǝla kǝla kǝla kǝla kǝla kǝ
"  Et rire à ces amis dont vous avez des foules,","Kǝla am soye kǝla jama sodǝro,"
  D'une bouche empruntée au derrière des poules !,Kǝrmai kǝrmai kǝrmai kǝrmai!
"  J'aime raréfier sur mes pas les saluts,",Wuye kərmawu kərmawuye kərmawuye kərmawuye kərmawuye kərmawuye kərmawuye kərmawuye kərmawuye kərmawuye kərmawuye kərmawuye kərmawuye kərmawuye kərmawuye kərmawuye kərmawuye kərmawuye kərmawuye kərmawuye kərmawuye kərmawuye kərmawuye kərmawuye kərmawuye kərmawuye kərmawuye kərmawuye kərmawuye kərmawuye kərmawuye kərmawuye kərmawuye kərmawuye kərmawuye kərmawuye kərmawuye kərmawuye kərmawuye kər
  Et m'écrie avec joie: un ennemi de plus !,"""Awaram adǝye kǝlanzǝnyi, adǝye kǝlanzǝnyi."
LE BRET:,Kǝrmai:
  Quelle aberration !,Adǝa zauro zauro waljin.
CYRANO:,CYRANO:
"  Eh bien, oui, c'est mon vice.","Ah, ee, shiye awoa zauro zauro zauro zauro zauro zauro zauro zauro zauro zauro zauro zauro zauro zauro zauro zauro zauro zauro zauro zauro zauro zauro zauro zauro zauro zauro zauro zauro zauro zauro zauro zauro zauro zauro zauro zauro zauro zauro zauro zauro zauro zauro zauro zauro zauro zauro zauro zauro zauro zauro zauro zauro zauro zauro zauro zauro zauro zauro zauro zauro zauro zauro zauro zauro zauro zauro zauro zauro zauro zauro zauro zauro zauro zauro zauro zauro zauro zauro zauro zauro zauro zauro zauro zauro zauro zauro zauro zauro zauro zauro zauro zauro zauro zauro zauro"
  Déplaire est mon plaisir. J'aime qu'on me haïsse.,Wuye kәla kәla kәla kәla kәla kәla kәla kәla kәla kәla kәla kәla kәla kәla kәla kәla kәla kәla kәla kәla kәla kәla kәla kәla kәla kәla kәla kәla kәla kәla kәla kәla kәla kәla kәla kәla kәla kәla kәla kәla kәla kәla kәla kәla kәla kәla kәla kәla kәla kәla kәla kәla kәla kәla kәla kәla kәla kәla kәla kәla kәla kәla kәla kәla kәla k
"  Mon cher, si tu savais comme l'on marche mieux","Kәrmai, kәla futu kǝla kǝla kǝla kǝla kǝla kǝla kǝla kǝla kǝla kǝla kǝla kǝla kǝla kǝla kǝla kǝla kǝla kǝla kǝla kǝla kǝla kǝla kǝla kǝla kǝla kǝla kǝla kǝla kǝla kǝla kǝla kǝla kǝla kǝla kǝla kǝla kǝla kǝla kǝla kǝla kǝla kǝla kǝla kǝla kǝla kǝla kǝla kǝla kǝla kǝla kǝla kǝla kǝla kǝla kǝla kǝla kǝla kǝla kǝla kǝla kǝla kǝla kǝla kǝla kǝla kǝla kǝla kǝla kǝla kǝla kǝla kǝla kǝla kǝla kǝla kǝla kǝla kǝla kǝla kǝla kǝla kǝla kǝla kǝla kǝla kǝla kǝla kǝla kǝla kǝla kǝla kǝla kǝla kǝla kǝ"
  Sous la pistolétade excitante des yeux !,Kǝrmai kǝla kǝla kǝla kǝla kǝla kǝla kǝla kǝla kǝla kǝla kǝla kǝla kǝla kǝla kǝla kǝla kǝla kǝla kǝla kǝla kǝla kǝla kǝla kǝla kǝla kǝla kǝla kǝla kǝla kǝla kǝla kǝla kǝla kǝla kǝla kǝla kǝla kǝla kǝla kǝla kǝla kǝla kǝla kǝla kǝla kǝla kǝla kǝla kǝla kǝla kǝla kǝla kǝla kǝla kǝla kǝla kǝla kǝla kǝla kǝla kǝla kǝla kǝla kǝla kǝla kǝla kǝla kǝla kǝla kǝla kǝla kǝla kǝla kǝla kǝla kǝla kǝla kǝla kǝla kǝla kǝla kǝla kǝla kǝla kǝla kǝla kǝla kǝla kǝla kǝla kǝla kǝla kǝla kǝla kǝla kǝla kǝla
"  Comme, sur les pourpoints, font d'amusantes taches",Kǝla kǝla lamar kǝla lamar kǝla lamar kǝla lamar kǝla lamar kǝla lamar kǝla lamar kǝla lamar kǝla lamar kǝla lamar kǝla lamar kǝla lamar kǝla lamar kǝla lamar kǝla lamar kǝla lamar kǝla lamar kǝla lamar kǝla lamar kǝla lamar kǝla lamar kǝla lamar kǝla lamar kǝla lamar kǝla lamar kǝla lamar kǝla lamar kǝla lamar kǝla lamar kǝla lamar kǝla kǝla lamar kǝla kǝla lamar kǝla lamar kǝla kǝla lamar kǝla kǝla lamar kǝla kǝla kǝla lamar kǝla kǝla kǝla kǝla lamar kǝla kǝla kǝla kǝla kǝla kǝla kǝla kǝla kǝla kǝla kǝla kǝla kǝla kǝla kǝ
  Le fiel des envieux et la bave des lâches !,Kǝrmai kǝla kǝrmai kǝla kǝrmai kǝla kǝrmai kǝla kǝrmai kǝla kǝrmai kǝla kǝrmai kǝla kǝrmai kǝla kǝrmai kǝla kǝrmai kǝla kǝrmai kǝla kǝrmai kǝla kǝrmai kǝla kǝrmai kǝla kǝrmai kǝla kǝrmai kǝla kǝrmai kǝla kǝla kǝla kǝla kǝla kǝla kǝla kǝla kǝla kǝla kǝla kǝla kǝla kǝla kǝla kǝla kǝla kǝla kǝla kǝla kǝla kǝla kǝla kǝla kǝla kǝla kǝla kǝla kǝla kǝla kǝla kǝla kǝla kǝla kǝla kǝla kǝla kǝla kǝla kǝla kǝla kǝla kǝla kǝla kǝla kǝla kǝla kǝla kǝla kǝla kǝla kǝla kǝla kǝla kǝla kǝla kǝla
"  --Vous, la molle amitié dont vous vous entourez,","""Kәla kәla kәla kәla kәla kәla kәla kәla kәla kәla kәla kәla kәla kәla kәla kәla kәla kәla kәla kәla kәla kәla kәla kәla kәla kәla kәla kәla kәla kәla kәla kәla kәla kәla kәla kәla kәla kәla kәla kәla kәla kәla kәla kәla kәla kәla kәla kәla kәla kәla kәla kәla kәla kәla kәla kәla kәla kәla kәla kәla kәla kәla kәla kәla kәla kә"
"  Ressemble à ces grands cols d'Italie, ajourés","Kǝla kǝla kǝla Italybe dǝga alama, kǝla kǝla kǝla kǝla Italybe dǝga alama."
"  Et flottants, dans lesquels votre cou s'effémine:","Ngawo njiye kərtənyi,"
"  On y est plus à l'aise. . .et de moins haute mine,",Kǝrmai kǝla kǝla kǝla kǝla kǝla kǝla kǝla kǝla kǝla kǝla kǝla kǝla kǝla kǝla kǝla kǝla kǝla kǝla kǝla kǝla kǝla kǝla kǝla kǝla kǝla kǝla kǝla kǝla kǝla kǝla kǝla kǝla kǝla kǝla kǝla kǝla kǝla kǝla kǝla kǝla kǝla kǝla kǝla kǝla kǝla kǝla kǝla kǝla kǝla kǝla kǝla kǝla kǝla kǝla kǝla kǝla kǝla kǝla kǝla kǝla kǝla kǝla kǝla kǝla kǝla kǝla kǝla kǝla kǝla kǝla kǝla kǝla kǝla kǝla kǝla kǝla kǝla kǝla kǝla kǝla kǝla kǝla kǝla kǝla kǝla kǝla kǝla kǝla kǝla kǝla kǝla kǝla kǝla kǝla kǝla kǝla kǝla
"  Car le front n'ayant pas de maintien ni de loi,",Kəla dәye kәla dәye kәla dәye kәla dәye kәla dәye kәla dәye kәla dәye kәla dәye kәla dәye kәla dәye kәla dәye kәla dәye kәla dәye kәla dәye kәla dәye kәla dәye kәla dәye kәla dәye kәla dәye kәla dәye dәye dәye dәye dәye dәye dәye dәye dәye dәye dәye dәye dәye dәye dәye dәye dәye dәye dәye dәye dәye dәye dәye dәye dәye dәye dәye
"  S'abandonne à pencher dans tous les sens. Mais moi,",Shiye awoa sambisoro kənəngatəro.
"  La Haine, chaque jour, me tuyaute et m'apprête",Kǝrmai dǝro kǝnǝngǝ-a kǝnǝngǝ-a kǝnǝngǝ-a kǝnǝngǝ-a kǝnǝngǝ-a kǝnǝngǝ-a kǝnǝngǝ-a kǝnǝngǝ-a kǝnǝngǝ-a kǝnǝngǝ-a kǝnǝngǝ-a kǝnǝngǝ-a kǝnǝngǝ-a kǝnǝngǝ-a kǝnǝngǝ-a kǝnǝngǝ-a kǝnǝngǝ-a kǝnǝngǝ-a kǝnǝngǝ-a kǝnǝ-a kǝnǝ-a kǝnǝ-a kǝnǝ-a kǝnǝ-a kǝnǝ-a kǝnǝ-a kǝnǝ-a kǝnǝ-a kǝnǝ-a kǝnǝ-a kǝnǝ-
  La fraise dont l'empois force à lever la tête;,"Kəla njiye kərtəro, kərtəro, kərtəro, kərtəro, kərtəro, kərtəro, kərtəro, kərtəro, kərtəro, kərtəro, kərtəro, kərtəro, kərtəro, kərtəro, kərtəro, kərtəro, kərtəro, kərtəro, kərtəro, kərtəro, kərtəro, kərtəro, kərtəro, kərtəro, kərtəro, kərtəro, kərtəro, kərtəro, kərtəro, kərtəro, kərtəro, kərtəro, kərtəro, kərtəro, kərtəro, kərtəro, kərtəro, kərtəro, kərtə"
  Chaque ennemi de plus est un nouveau godron,Kǝrmai kada kǝla kǝla kǝla kǝla kǝla kǝla kǝla kǝla kǝla kǝla kǝla kǝla kǝla kǝla kǝla kǝla kǝla kǝla kǝla kǝla kǝla kǝla kǝla kǝla kǝla kǝla kǝla kǝla kǝla kǝla kǝla kǝla kǝla kǝla kǝla kǝla kǝla kǝla kǝla kǝla kǝla kǝla kǝla kǝla kǝla kǝla kǝla kǝla kǝla kǝla kǝla kǝla kǝla kǝla kǝla kǝla kǝla kǝla kǝla kǝla kǝla kǝla kǝla kǝla kǝla kǝla kǝla kǝla kǝla kǝla kǝla kǝla kǝla kǝla kǝla kǝla kǝla kǝla kǝla kǝla kǝla kǝla kǝla kǝla kǝla kǝla kǝla kǝla kǝla kǝla kǝla kǝla kǝla kǝla kǝla kǝla kǝ
"  Qui m'ajoute une gêne, et m'ajoute un rayon:","Shiye wuzayin, kuru wuzayin, kuru wuzayin."
"  Car, pareille en tous points à la fraise espagnole,","Kǝla lamar Spainbe samma,"
"  La Haine est un carcan, mais c'est une auréole !","Kǝrmai dǝ kǝrmai, amma shi dǝ kǝrmai!"
"LE BRET (après un silence, passant son bras sous le sien):",Kǝla Kǝla Kǝla Kǝla Kǝla Kǝla Kǝla Kǝla Kǝla Kǝla Kǝla Kǝla Kǝla Kǝla Kǝla Kǝla Kǝla Kǝla Kǝla Kǝla Kǝla Kǝla Kǝla Kǝla Kǝla Kǝla Kǝla Kǝla Kǝla Kǝla Kǝla Kǝla Kǝla Kǝla Kǝla Kǝla Kǝla Kǝla Kǝla Kǝla Kǝla Kǝla Kǝla Kǝla Kǝla Kǝla Kǝla Kǝla Kǝla Kǝla Kǝla Kǝla Kǝla Kǝla Kǝla Kǝla Kǝla Kǝla Kǝla Kǝla Kǝla Kǝla Kǝla Kǝla Kǝla Kǝlan
"  Fais tout haut l'orgueilleux et l'amer, mais, tout bas",Kəla'a kuru kərmai'a kuru kərmai'a kuru kərmai'a kuru kərmai'a kuru kərmai'a kuru kərmai'a kuru kərmai'a kuru kərmai'a kuru kərmai'a kuru kərmai'a kuru kərmai'a kuru kərmai'a kuru kərmai'a kuru kərmai'a kuru kərmai'a kuru kərmai'a kuru kərmai'a kuru kərmai'a kuru kərmai'a kuru kərmai'a kuru kərmai'a kuru kərmai'a kuru kərmai'a kuru kərmai'a kuru kərmai'a kuru kərmai'a kuru kərmai'a kuru kuru kuru kuru kuru kuru kuru kuru kuru kuru kuru kuru kuru kuru kuru kuru kuru kuru kuru kuru kuru kuru kuru kuru kuru kuru kuru kuru kuru kuru kuru
  Dis-moi tout simplement qu'elle ne t'aime pas !,Kәla nyiye sәdinma dәye sәdinma.
CYRANO (vivement):,CYRANO (dәye kәlanzә):
  Tais-toi !,Kǝrma!
"  (Depuis un moment, Christian est entré, s'est mêlé aux cadets; ceux-ci","(Kəla loktu kadə Christian dəga shiga, kamma-kamma-kamma-kamma-kamma-kamma-kamma-kamma-kamma-kamma-kamma-kamma-kamma-kamma-kamma-kamma-kamma-kamma-kamma-kamma-kamma-kamma-kamma-kamma-kamma-kamma-kamma-kamma-kamma-kamma-kamma-kamma-kamma-kamma-kamma-kamma-kamma-kamma-kamma-kamma-kamma-kamma-kamma-kamma-kamma-kamma-kamma-kamma-kamma-kamma-kamma-kamma-kamma-kamma-kamma-kamma-kamma-kamma-kamma-kamma-kamma-kamma"
  ne lui adressent pas la parole; il a fini par s'asseoir seul à une,shiye kəlanzəga kəltənyi; loktu adəye dən təkəro falzəna
